"Id";"Référence";"Empreinte";"Quantité";"Désignation";"Fournisseur et réf";
1;"R3";"R_1206_3216Metric";1;"100";;;
2;"J2";"PinSocket_1x06_P2.54mm_Vertical";1;"Conn_01x06_Pin";;;
3;"J6";"PinSocket_1x03_P1.27mm_Vertical";1;"Conn_01x03_Pin";;;
4;"U2,U1";"SOT-223-3_TabPin2";2;"AMS1117";;;
5;"R2";"R_1206_3216Metric";1;"220";;;
6;"R1";"R_1206_3216Metric";1;"r=75";;;
7;"J1";"JWT_A3963_1x02_P3.96mm_Vertical";1;"Conn_01x02_Male";;;
8;"R5";"Potentiometer_Bourns_3266Y_Vertical";1;"R";;;
9;"D1";"LED_1206_3216Metric";1;"LED";;;
10;"C2,C1";"CP_EIA-3216-18_Kemet-A_Pad1.58x1.35mm_HandSolder";2;"C_Polarized_Small";;;
11;"SW1";"SW_Push_2P2T_Toggle_CK_PVA2OAH5xxxxxxV2";1;"SW_Slide_DPDT";;;
12;"D2";"D_1206_3216Metric_Pad1.42x1.75mm_HandSolder";1;"D";;;
13;"R4";"PinSocket_1x02_P2.54mm_Vertical";1;"R";;;
14;"J5";"PinSocket_1x05_P2.54mm_Vertical";1;"Conn_01x05_Pin";;;
15;"J3";"BarrelJack_GCT_DCJ200-10-A_Horizontal";1;"Jack-DC";;;
16;"J4";"USB_C_2Pins";1;"USB_B_Micro";;;
